statistic,value
Average,17942.848062573048
Median,745.0
Std,112494.09630634527
